claim_id,label,oc_source_id,layer_index,margin_evidence_only,margin_after_anchor,margin_final_prefix,margin_shift
015be3d8662ca93c5c0bab0b::0,com,51deb360-a379-57e5-93b9-e21d4b4a8ba9,63,0.143783125878029,0.0244829584420193,0.0548887118407742,-0.0888944140372547
05708c73dfad0a3f4781563a::0,com,8f59e6cd-369c-5f0a-8714-c3488b0e8079,63,0.3666238533320599,0.3583551751141713,0.4080152695776745,0.0413914162456146
03d2b60423371ca98d1a99bc::1,com,232f5934-8901-599f-aa2c-1dfceae9e3cc,63,0.3535885414566359,0.3756777895970811,0.2560103825351753,-0.0975781589214606
03d2b60423371ca98d1a99bc::2,com,b31ee48b-15c6-5325-aab2-1a53aa250ef0,63,0.3725954904594383,0.4172683194836735,0.2477233497631735,-0.1248721406962647
03d2b60423371ca98d1a99bc::3,com,5f798907-42b7-504e-b757-069165a91301,63,0.352526534884128,0.3915444159958591,0.2281667577237618,-0.1243597771603662
0980045acad692ba2a8996db::1,com,ce80f82e-c22c-5ddb-b0a2-20d2db6f2570,63,0.9370196432335492,0.9662906347506252,1.0644289049210365,0.127409261687487
0980045acad692ba2a8996db::2,com,749bd7c1-5d37-5c7d-9683-111bdcb98790,63,0.9204651262432776,0.9812543221346012,1.0435838458364028,0.1231187195931251
0f1dd768a428334842bfec50::0,com,27319b03-dd72-5b56-86ec-a54f1a8c5940,63,0.2637307161807544,0.2609148858135705,0.089443156751266,-0.1742875594294883
1d509edaa223f304f5ee3b9f::0,com,82974eae-1ad3-56da-a668-46425791893a,63,0.2046896062762976,0.204334744013746,0.1701897909528177,-0.0344998153234799
1d509edaa223f304f5ee3b9f::1,com,82974eae-1ad3-56da-a668-46425791893a,63,-0.1124114093240559,-0.0638944399398748,-0.1719204741283388,-0.0595090648042829
1bc55cd8f6d690799f8c4047::1,com,0b6932b0-c240-59a9-a38f-86d736183514,63,0.0571061937122487,0.0805858614195396,0.0885566250705368,0.031450431358288
1d64d81dcd56c92b92cf34ad::0,com,83cae5e9-a205-563e-a067-2d0571f591b7,63,0.0421540975445191,0.0612970458479969,0.0169404889041386,-0.0252136086403804
1e1a1711a9e429a5c0a74eec::0,com,ccd7836a-ef6f-5d7a-9e37-929fca8fe93c,63,0.2551242111009769,0.2686756998635684,0.3389114424862096,0.0837872313852327
1fc3739dc0cf84ab7935fd38::1,com,da9a4eb5-f7c2-5f73-aa68-441cbc570cc8,63,-0.1631829600841188,0.0343815889425681,0.0271782634010615,0.1903612234851804
26fa750dccd4c284472ecb48::1,com,8f5ae692-f16a-5f4a-bc76-6cc029f2d434,63,0.1539598072906939,0.2365764912469684,0.1330700075184417,-0.0208897997722521
29183d163063354c6c818147::2,com,d8f6cd9f-17f5-59c1-949a-7012080bd64e,63,0.3153810089181347,0.5233733967109779,0.4805339847523528,0.165152975834218
29183d163063354c6c818147::3,com,71706e87-4a0d-5fdc-91af-ddcb0cbc261c,63,0.3463646514874217,0.5446005550031966,0.4493505608662833,0.1029859093788616
3842f39935a34d58b55be97d::0,com,7334d97d-ac74-5b05-a0f3-25bdac64ace6,63,0.0371264527508045,-0.0188820675084259,-0.0939346865924803,-0.1310611393432849
3813f972b07ceee5031bb452::1,com,72f1e20c-185a-5c0e-a3ff-e8ecb92e1879,63,-0.075757348706579,-0.0744164897747652,0.0966876425659787,0.1724449912725577
3813f972b07ceee5031bb452::2,com,b7597457-67f0-5d5d-bdbf-c863220ae50c,63,-0.0338889746494682,-0.0213486862039912,0.0490146234652162,0.0829035981146845
3813f972b07ceee5031bb452::3,com,08b8ad9c-d7d8-5576-b436-63ae2b5cbe53,63,-0.1214105009607265,-0.2349292839488668,-0.0439730138369599,0.0774374871237666
3813f972b07ceee5031bb452::4,com,296a34f6-7661-5ed0-970b-d6880a360154,63,-0.1449139123118116,-0.2619620142767451,-0.0477133983049714,0.0972005140068401
3813f972b07ceee5031bb452::5,com,a37d38dd-e59d-58be-8ee9-acde64054306,63,-0.0467546818667005,-0.1595792135759663,0.0024952116541911,0.0492498935208917
3813f972b07ceee5031bb452::6,com,b79acaab-f0bc-5894-952a-f80b56535b5e,63,-0.1857934722665452,-0.3267887588773465,-0.1097073263867972,0.0760861458797479
3813f972b07ceee5031bb452::7,com,f32a5669-fd1b-5c87-8679-baa7886003c8,63,-0.1814736800708271,-0.3460009193226833,-0.1518565609311869,0.0296171191396401
39f61d8cb6ee0e63eed2c0c1::1,com,12125f09-b98c-51b0-bead-cc63e7588685,63,0.2483119039531825,0.2775878693948697,0.1290583174742438,-0.1192535864789387
3c7e00141c354983c6fb8742::0,com,d6aa6aca-9181-54a5-a39e-607f5e158284,63,0.0842871217706623,0.1372226362790594,0.1578407555962135,0.0735536338255512
402ffae6336ceeb14052f50e::1,com,54305768-49b9-598c-8b3b-483b2ec86100,63,0.1690079647930537,0.2320688489167127,0.2204714230731559,0.0514634582801022
402ffae6336ceeb14052f50e::2,com,56ff22bc-490d-5566-b950-30783780923c,63,0.1211733938058319,0.1861283051928102,0.174146646972899,0.0529732531670671
402ffae6336ceeb14052f50e::3,com,5bdfbe0c-19fe-576f-aa8a-be8cbe3a3f34,63,0.1889473826564872,0.1938798048200725,0.110961576022466,-0.0779858066340212
402ffae6336ceeb14052f50e::4,com,afa727b9-8228-505c-ab2a-912145b655b8,63,0.2455863328278619,0.2846962358261444,0.2171540381544381,-0.0284322946734237
4f7a1d19e6fadf0e7b619491::0,com,88d66cfd-40d3-587a-bd64-c3d0ed78a036,63,0.2044828400288584,0.279686689174907,0.1397420573036547,-0.0647407827252036
4f90e141b3068b6b2ff3d1a5::1,com,22f8848b-0cdf-545f-a51a-2b31105a5f9e,63,0.4198868166208747,0.4673698333821376,0.391134119035267,-0.0287526975856076
4f90e141b3068b6b2ff3d1a5::2,com,a27ef6b1-ff1d-5d88-a942-d3696cffbb70,63,0.343179854034044,0.4117112441361433,0.2904717437085649,-0.0527081103254791
4f90e141b3068b6b2ff3d1a5::4,com,28406915-1d77-5143-9ab5-43a59e9e3086,63,0.2951228082007823,0.4020255591771274,0.2340217756970204,-0.0611010325037618
4f90e141b3068b6b2ff3d1a5::5,com,a5fe0614-3a16-5569-bb04-c3818700f37d,63,0.1503607887053681,0.2115588485446767,0.1310412283006561,-0.0193195604047119
4f90e141b3068b6b2ff3d1a5::6,com,ead8e004-2c23-5dd2-94d6-d2ddc7e20450,63,0.3576927126453791,0.3946478730433845,0.2818038344716388,-0.0758888781737403
546a49550415320fbb9316ad::0,com,5daa6374-7142-5466-8a42-969e1d745b62,63,0.154501400744498,0.2216438749821351,0.1954468078846732,0.0409454071401752
647bc08d18cac6dbda791c42::0,com,3fcda262-c67d-5eff-b53c-5913ec1bdab3,63,0.3728816679825651,0.4802049278170205,0.0329229851245749,-0.3399586828579902
72692c9fe3d361f082e66556::1,com,42d93582-2039-5d14-9ed1-3851f300e65a,63,-0.1814851623061497,-0.218323218559477,0.0715262693281104,0.2530114316342602
76de61af821cbfa636cc92fe::1,com,23795d03-8fea-52d5-853f-805941885f1b,63,-0.4363775557438434,-0.3465665266234315,0.2930102399823954,0.7293877957262389
7b5324a4c69137200e0d74e2::1,com,b5173091-9c04-5776-90f4-4c693005712f,63,-0.43826488195616,-0.4101011499878729,0.1991948264301266,0.6374597083862867
72c22160d0226e69dd0c8407::2,com,d16c36e8-30a4-5fa4-9942-2fb64eae254b,63,-0.0299066375218617,-0.0245209223954941,0.2388213907785542,0.268728028300416
72c22160d0226e69dd0c8407::3,com,d16c36e8-30a4-5fa4-9942-2fb64eae254b,63,-0.0084237550169791,0.0118973365027134,0.2007231677881342,0.2091469228051133
844c677f9eb40b4cc09e828a::0,com,3cf8d7df-175b-5367-b816-c2bcdb9cb045,63,0.2324883342195458,0.1799854114237576,0.0257893807248529,-0.2066989534946929
88feed4e79da04e646ebc129::1,com,8e3ec428-9f5d-5a90-aef5-8ebdd2a5dba1,63,-0.1940289600210187,-0.2692032061952069,0.0919994714878009,0.2860284315088196
9c318ab198a0c0e5c19cd4b6::0,com,33526546-e0bc-505c-a28e-de09063472d6,63,0.2657536700163056,0.3604309714412803,0.3638503483044485,0.0980966782881428
a12d2706258e7cd94b157f13::0,com,b742bb23-5e32-5ae2-ba52-37e21e070765,63,0.2935490238142192,0.4037180549849364,0.4046331817807015,0.1110841579664823
a13c273dcddfa537845c91d0::0,com,ea7aed85-9d2d-5bf0-8380-4258a1c3f3bd,63,0.124837691525385,0.1506145014527395,0.1549720283229159,0.0301343367975308
c486d3f623a7c682d0051190::2,com,ee612d2e-20b7-54ac-9843-ee66e701ff70,63,0.5909905647370711,0.5818016217343062,0.8254317956173078,0.2344412308802367
c486d3f623a7c682d0051190::3,com,6bcae3d4-28d1-5d18-9781-3a17c474b979,63,0.6423834704385518,0.6587211454924398,0.7684190349573338,0.1260355645187819
cbf01f06a75320ed354d25af::0,com,4c7e3625-b8ac-5a2,63,0.1130631680026738,0.1530267313674057,0.0621506342902459,-0.0509125337124278
d6d0cf531ac1d23c6fa0a6b6::0,com,4238a38e-3f01-58b1-b3f7-306b958412a2,63,0.101130570217835,0.1544722065349563,0.0533297545773383,-0.0478008156404966
da7b960f34b7f3185ea6d045::0,com,4f72bb2a-f38e-57d6-be83-d239f2bce853,63,-0.0074662907097738,0.0172884094708322,0.0115608669938428,0.0190271577036167
e0699671e9dc302a776e8354::0,com,4c3b71a2-df82-5cab-b307-ddad82c3cee1,63,-0.1162839303165136,-0.0808259833898816,-0.1096514029413606,0.0066325273751529
e0699671e9dc302a776e8354::1,com,4c3b71a2-df82-5cab-b307-ddad82c3cee1,63,-0.0644284484729781,-0.0397527093324018,-0.0191344309962674,0.0452940174767106
eae749337c708ec5697cf97e::0,com,66a81635-e1c7-554d-b7f9-20431dd2a4fc,63,0.1659551438316517,0.2456151658440388,0.1009759358307557,-0.064979208000896
ed91e258dd31d6431b37bd91::0,com,11b22028-0823-5528-b682-07d296de35,63,0.3188710202676134,0.5079969107395161,0.5128023524025163,0.1939313321349028
edaebbb4a2886364c2f5455c::1,com,4c3b71a2-df82-5cab-b307-ddad82c3cee1,63,0.182439750446028,0.2943612397696061,0.1975468136044665,0.0151070631584385
f209b8c081219def0ef4ace5::2,com,f6f035a1-5bb1-59bc-bf92-2a4205bbf9fd,63,-0.4504453995898294,-0.3921434261278174,-0.4384657992684389,0.0119796003213905
f3d6d302751188c87c7c1304::0,com,7ef241e3-a71f-5fd9-b05e-32a62940f2b6,63,0.1909505399537071,0.2326736777843449,0.2834762845019052,0.092525744548198
fcb5ab40c54f3bce352480bc::0,com,79228970-868a-50da-a278-984355d36d20,63,0.1361795201127772,0.2243107584615022,0.0872917043481871,-0.0488878157645901
fcb5ab40c54f3bce352480bc::1,com,10a15b4a-8adf-5087-9e41-cc2c3d856026,63,0.0821925485931698,0.1281244672653133,-0.0110578907631416,-0.0932504393563115
fcb5ab40c54f3bce352480bc::2,com,6c57674e-3d10-5171-a3ff-f0f34819b388,63,0.1075590595703284,0.116221690072971,0.0051923805081947,-0.1023666790621337
fcb5ab40c54f3bce352480bc::3,com,d93fc2d6-b0d3-52b4-b9de-bd074c27365b,63,0.0821659706329528,0.1298642012232965,0.0221696982087175,-0.0599962724242353
fcb5ab40c54f3bce352480bc::4,com,ba8b2716-9577-508e-b598-7e030ac99009,63,0.1140585600888106,0.1534060384411998,0.036391968309604,-0.0776665917792066
fdd1695a1c8a50679d56e863::1,clean,,63,0.0972491107758006,0.0867779090475863,-0.0205264194397527,-0.1177755302155534
617b9e75f3c58dee20062f3c::0,clean,,63,-0.6760377617133788,-0.4955251235652738,-0.4671726249181744,0.2088651367952043
461ed0b2f30a1fe2a7aca6e3::0,clean,,63,-0.6018537275292837,-0.4733359536599647,-0.4120935017386556,0.189760225790628
bccd2741d2ab3570194f6bc7::1,clean,,63,0.0707977877518269,0.0249395192998518,0.0575042663174892,-0.0132935214343377
e1dd13daac1ecaf666f55bc2::0,clean,,63,-0.7232718877998711,-0.5517121319121079,-0.5979533550551133,0.1253185327447578
122180d2410c37fb1d467316::0,clean,,63,-0.9410354853055252,-0.6277844345059265,-0.6720561706748934,0.2689793146306318
5bdb71007a2f5b2c33e4bd71::0,clean,,63,-0.592046137440468,-0.53010436010615,-0.8294231825348707,-0.2373770450944027
c6e32087897377afc707821c::0,clean,,63,-0.4863329141751671,-0.3111973237677649,-0.4118578860908704,0.0744750280842967
ab28063625f4ba14b3379479::0,clean,,63,-0.3012482235682083,-0.1302025035850937,-0.4421328104182361,-0.1408845868500278
f5f185ff5f7901dc7c4dd711::0,clean,,63,-0.4369467571988782,-0.531131701459377,-0.570415018677362,-0.1334682614784837
dab078420665e61aa6883a1d::4,clean,,63,0.0409388376606327,0.0547252262717279,0.0188157184196623,-0.0221231192409704
3842f39935a34d58b55be97d::2,clean,,63,0.0281213229522169,0.0634319473201288,-0.0011176476131081,-0.029238970565325
e449057b794c66a951ffc20d::1,clean,,63,0.024008347769739,0.0554337586823392,-0.0112533316634578,-0.0352616794331968
2a882b413da76b5d3b4d828a::0,clean,,63,-0.5359445737763584,-0.4550898309193647,-0.6859747248641663,-0.1500301510878079
42d490e9dcc8cd200649d0ff::1,clean,,63,0.1140784718256178,0.2150106507246493,0.2132868442505379,0.0992083724249201
1495b796ffe9d906c0df1b75::0,clean,,63,-0.6449707622918331,-0.6367893199347476,-0.3510610576641801,0.293909704627653
ea8b16320ebc9e5ee3d92c14::0,clean,,63,0.1140784718256178,0.2150106507246493,0.2132868442505379,0.0992083724249201
5edb9312f6f7f742fcdce8fc::0,clean,,63,-0.8432490540353608,-0.6779997011191631,-0.5084116303951274,0.3348374236402334
6e19826cc8478fa8a97d1dee::0,clean,,63,-0.3042972170376177,0.0241339231820038,-0.5718852713467527,-0.2675880543091349
e2b25103644606a2debc3586::1,clean,,63,0.0240326841910842,0.0642001945210539,-0.0589735314848423,-0.0830062156759266
7535579b90cfcb61fed1c380::0,clean,,63,-0.4147580083085394,-0.1307126160897373,-0.5577468849973692,-0.1429888766888298
6236365bb1b1dab256878dbe::0,clean,,63,-0.6390215639524665,-0.650134750720716,-0.5733564804984344,0.0656650834540321
ec4e31f512d6319b08a78d92::1,clean,,63,0.0328880325489938,0.0321626826707525,0.1604859791014748,0.127597946552481
2b27156e1bc6e928eb6b916e::3,clean,,63,0.0236588992337797,0.0660322031020242,0.1256290317145237,0.1019701324807439
be83182a8a89eceb013c4764::2,clean,,63,0.0771443702979965,0.1600730622731452,0.0947915816964966,0.0176472113985
edaebbb4a2886364c2f5455c::0,clean,,63,-0.2059361851693041,-0.0249078344879585,-0.5551755670685974,-0.3492393818992932
605dc49bacfb0b462cf31880::1,clean,,63,0.1318365993458062,0.1669026323033886,0.2134195056994801,0.0815829063536738
65b2855ba05f13d02f85adcd::1,clean,,63,0.0352993346378642,0.0578834135332051,-0.1429245521586805,-0.1782238867965447
90029829a3c76198a7de717b::0,clean,,63,-0.5618652495666765,-0.5929537916826941,-0.5864778408438862,-0.0246125912772097
40c2eb3691b1c2483780d090::0,clean,,63,-0.8081344472418223,-0.5584157490165707,-0.6493787284472545,0.1587557187945677
0c93a24758fe815a4f4bf747::0,clean,,63,-0.4101266799253747,-0.2862352619248789,-0.4544630026082047,-0.04433632268283
72f7cf565eac6853d4a5f4bc::1,clean,,63,0.0291315182408423,0.0676998971213743,-0.0614349724569898,-0.0905664906978321
e219db6bec1a6b0c74699c00::0,clean,,63,-0.627993184820384,-0.5723375802308789,-0.7392543935392693,-0.1112612087188852
1f7e6a11b09b66d4eb7904e1::0,clean,,63,-0.6565975741515273,-0.4695160074449778,-0.4174963781684717,0.2391011959830556
bd164a06951b24d9fbb32e90::0,clean,,63,-0.2938072324632115,-0.0946612180301085,-0.3050083380356547,-0.0112011055724432
1e3b44203311b415f4712cc6::1,clean,,63,-0.0872417685223905,-0.1419834083836203,-0.4743674175904991,-0.3871256490681086
ec946af2d91d7d53d35312e6::1,clean,,63,-0.0217246951677311,-0.0410324358417674,-0.1499854926877572,-0.1282607975200261
fa4dfaaf2645d182bd7337d2::1,clean,,63,0.0947544353315621,0.0506573342654489,0.1358711565956648,0.0411167212641027
ffbd9d197177ca7b317f66cb::0,clean,,63,-0.7465322370827105,-0.7659743413943183,-0.5847763465011361,0.1617558905815744
4d64d12fe14c8c3ed4e3f73f::0,clean,,63,-0.7275712391349314,-0.554588895009026,-0.5015923847478273,0.225978854387104
a3fbabc4125bd38ac2aed4db::1,clean,,63,0.1349012078226041,0.1433589077501703,0.1228820400266488,-0.0120191677959553
6277e9a8851e3c1a4ad9cd6e::0,clean,,63,-0.3836181244257793,-0.2121631210379646,-0.344962256567367,0.0386558678584122
1108d7271243b64d3250ee9e::2,clean,,63,0.0427179628538673,0.0652358396495518,0.1284440192065104,0.0857260563526431
f6ad015f8e12733510bfd83d::0,clean,,63,-0.994942906323211,-0.794066844522799,-0.8017303292914387,0.1932125770317723
d4efc7e55f28c5602d3467ae::2,clean,,63,0.0247578861506893,0.0628403098207934,0.1801668165899495,0.1554089304392602
3dcaebddfb2987ddb1dc6ae7::1,clean,,63,0.1964752591146789,0.2388393264126126,0.4620446313351893,0.2655693722205103
741e6bfd3ada80120eff4191::0,clean,,63,-0.4645387618249073,-0.2642624147432474,-0.5151648093417285,-0.0506260475168212
88ef45f61812b1ec67818a35::1,clean,,63,0.1369988391182914,0.1033912469188739,0.0359909328987333,-0.101007906219558
168c04ce1956c158d1651a93::2,clean,,63,0.0231396869998903,0.0550557027066289,0.0342472787978925,0.0111075917980022
a39e1668093aab21fc2f126e::0,clean,,63,-0.7283749390881099,-0.760441248661865,-0.6246313875975551,0.1037435514905548
