claim_id,label,oc_source_id,layer_index,margin_evidence_only,margin_after_anchor,margin_final_prefix,margin_shift
015be3d8662ca93c5c0bab0b::0,com,51deb360-a379-57e5-93b9-e21d4b4a8ba9,63,0.143783125878029,0.02448295844201931,0.05488871184077426,-0.08889441403725473
05708c73dfad0a3f4781563a::0,com,8f59e6cd-369c-5f0a-8714-c3488b0e8079,63,0.36662385333205993,0.3583551751141713,0.40801526957767453,0.0413914162456146
03d2b60423371ca98d1a99bc::1,com,232f5934-8901-599f-aa2c-1dfceae9e3cc,63,0.3535885414566359,0.3756777895970811,0.2560103825351753,-0.0975781589214606
03d2b60423371ca98d1a99bc::2,com,b31ee48b-15c6-5325-aab2-1a53aa250ef0,63,0.3725954904594383,0.4172683194836735,0.24772334976317356,-0.12487214069626473
03d2b60423371ca98d1a99bc::3,com,5f798907-42b7-504e-b757-069165a91301,63,0.35252653488412805,0.3915444159958591,0.22816675772376183,-0.12435977716036622
0980045acad692ba2a8996db::1,com,ce80f82e-c22c-5ddb-b0a2-20d2db6f2570,63,0.9370196432335492,0.9662906347506253,1.0644289049210363,0.127409261687487
0980045acad692ba2a8996db::2,com,749bd7c1-5d37-5c7d-9683-111bdcb98790,63,0.9204651262432777,0.9812543221346012,1.0435838458364028,0.12311871959312515
0f1dd768a428334842bfec50::0,com,27319b03-dd72-5b56-86ec-a54f1a8c5940,63,0.2637307161807544,0.2609148858135705,0.08944315675126602,-0.17428755942948837
1d509edaa223f304f5ee3b9f::0,com,82974eae-1ad3-56da-a668-46425791893a,63,0.20468960627629762,0.20433474401374607,0.17018979095281772,-0.0344998153234799
1d509edaa223f304f5ee3b9f::1,com,82974eae-1ad3-56da-a668-46425791893a,63,-0.11241140932405597,-0.06389443993987481,-0.17192047412833888,-0.05950906480428292
1bc55cd8f6d690799f8c4047::1,com,0b6932b0-c240-59a9-a38f-86d736183514,63,0.05710619371224873,0.08058586141953963,0.0885566250705368,0.03145043135828807
1d64d81dcd56c92b92cf34ad::0,com,83cae5e9-a205-563e-a067-2d0571f591b7,63,0.042154097544519153,0.061297045847996945,0.016940488904138684,-0.02521360864038047
1e1a1711a9e429a5c0a74eec::0,com,ccd7836a-ef6f-5d7a-9e37-929fca8fe93c,63,0.25512421110097694,0.26867569986356843,0.33891144248620964,0.0837872313852327
1fc3739dc0cf84ab7935fd38::1,com,da9a4eb5-f7c2-5f73-aa68-441cbc570cc8,63,-0.16318296008411887,0.0343815889425681,0.027178263401061525,0.1903612234851804
26fa750dccd4c284472ecb48::1,com,8f5ae692-f16a-5f4a-bc76-6cc029f2d434,63,0.15395980729069392,0.23657649124696845,0.13307000751844178,-0.020889799772252138
29183d163063354c6c818147::2,com,d8f6cd9f-17f5-59c1-949a-7012080bd64e,63,0.31538100891813475,0.5233733967109779,0.4805339847523528,0.16515297583421806
29183d163063354c6c818147::3,com,71706e87-4a0d-5fdc-91af-ddcb0cbc261c,63,0.3463646514874217,0.5446005550031966,0.44935056086628333,0.10298590937886165
3842f39935a34d58b55be97d::0,com,7334d97d-ac74-5b05-a0f3-25bdac64ace6,63,0.037126452750804506,-0.018882067508425915,-0.09393468659248039,-0.1310611393432849
3813f972b07ceee5031bb452::1,com,72f1e20c-185a-5c0e-a3ff-e8ecb92e1879,63,-0.07575734870657902,-0.07441648977476523,0.09668764256597873,0.17244499127255775
3813f972b07ceee5031bb452::2,com,b7597457-67f0-5d5d-bdbf-c863220ae50c,63,-0.03388897464946827,-0.02134868620399122,0.049014623465216234,0.0829035981146845
3813f972b07ceee5031bb452::3,com,08b8ad9c-d7d8-5576-b436-63ae2b5cbe53,63,-0.12141050096072659,-0.2349292839488668,-0.04397301383695995,0.07743748712376664
3813f972b07ceee5031bb452::4,com,296a34f6-7661-5ed0-970b-d6880a360154,63,-0.1449139123118116,-0.26196201427674515,-0.047713398304971455,0.09720051400684016
3813f972b07ceee5031bb452::5,com,a37d38dd-e59d-58be-8ee9-acde64054306,63,-0.04675468186670051,-0.15957921357596638,0.0024952116541911984,0.04924989352089171
3813f972b07ceee5031bb452::6,com,b79acaab-f0bc-5894-952a-f80b56535b5e,63,-0.1857934722665452,-0.32678875887734654,-0.10970732638679725,0.07608614587974794
3813f972b07ceee5031bb452::7,com,f32a5669-fd1b-5c87-8679-baa7886003c8,63,-0.1814736800708271,-0.3460009193226833,-0.15185656093118693,0.029617119139640158
39f61d8cb6ee0e63eed2c0c1::1,com,12125f09-b98c-51b0-bead-cc63e7588685,63,0.24831190395318253,0.27758786939486974,0.1290583174742438,-0.11925358647893874
3c7e00141c354983c6fb8742::0,com,d6aa6aca-9181-54a5-a39e-607f5e158284,63,0.08428712177066233,0.1372226362790594,0.15784075559621358,0.07355363382555125
402ffae6336ceeb14052f50e::1,com,54305768-49b9-598c-8b3b-483b2ec86100,63,0.1690079647930537,0.23206884891671276,0.22047142307315593,0.05146345828010224
402ffae6336ceeb14052f50e::2,com,56ff22bc-490d-5566-b950-30783780923c,63,0.12117339380583192,0.1861283051928102,0.17414664697289906,0.052973253167067136
402ffae6336ceeb14052f50e::3,com,5bdfbe0c-19fe-576f-aa8a-be8cbe3a3f34,63,0.18894738265648725,0.1938798048200725,0.11096157602246604,-0.07798580663402122
402ffae6336ceeb14052f50e::4,com,afa727b9-8228-505c-ab2a-912145b655b8,63,0.2455863328278619,0.2846962358261444,0.21715403815443812,-0.028432294673423786
4f7a1d19e6fadf0e7b619491::0,com,88d66cfd-40d3-587a-bd64-c3d0ed78a036,63,0.20448284002885841,0.279686689174907,0.13974205730365474,-0.06474078272520367
4f90e141b3068b6b2ff3d1a5::1,com,22f8848b-0cdf-545f-a51a-2b31105a5f9e,63,0.41988681662087474,0.4673698333821376,0.39113411903526707,-0.028752697585607667
4f90e141b3068b6b2ff3d1a5::2,com,a27ef6b1-ff1d-5d88-a942-d3696cffbb70,63,0.34317985403404405,0.41171124413614335,0.29047174370856493,-0.05270811032547912
4f90e141b3068b6b2ff3d1a5::4,com,28406915-1d77-5143-9ab5-43a59e9e3086,63,0.2951228082007823,0.40202555917712746,0.23402177569702043,-0.061101032503761865
4f90e141b3068b6b2ff3d1a5::5,com,a5fe0614-3a16-5569-bb04-c3818700f37d,63,0.15036078870536812,0.21155884854467671,0.13104122830065618,-0.019319560404711944
4f90e141b3068b6b2ff3d1a5::6,com,ead8e004-2c23-5dd2-94d6-d2ddc7e20450,63,0.35769271264537916,0.39464787304338456,0.2818038344716388,-0.07588887817374035
546a49550415320fbb9316ad::0,com,5daa6374-7142-5466-8a42-969e1d745b62,63,0.15450140074449803,0.22164387498213511,0.19544680788467328,0.04094540714017525
647bc08d18cac6dbda791c42::0,com,3fcda262-c67d-5eff-b53c-5913ec1bdab3,63,0.37288166798256517,0.48020492781702057,0.03292298512457492,-0.33995868285799025
72692c9fe3d361f082e66556::1,com,42d93582-2039-5d14-9ed1-3851f300e65a,63,-0.18148516230614975,-0.218323218559477,0.07152626932811046,0.2530114316342602
76de61af821cbfa636cc92fe::1,com,23795d03-8fea-52d5-853f-805941885f1b,63,-0.43637755574384346,-0.34656652662343157,0.2930102399823954,0.7293877957262389
7b5324a4c69137200e0d74e2::1,com,b5173091-9c04-5776-90f4-4c693005712f,63,-0.43826488195616004,-0.4101011499878729,0.19919482643012665,0.6374597083862867
72c22160d0226e69dd0c8407::2,com,d16c36e8-30a4-5fa4-9942-2fb64eae254b,63,-0.029906637521861734,-0.024520922395494138,0.23882139077855422,0.268728028300416
72c22160d0226e69dd0c8407::3,com,d16c36e8-30a4-5fa4-9942-2fb64eae254b,63,-0.008423755016979118,0.011897336502713407,0.2007231677881342,0.20914692280511332
844c677f9eb40b4cc09e828a::0,com,3cf8d7df-175b-5367-b816-c2bcdb9cb045,63,0.23248833421954584,0.17998541142375768,0.02578938072485293,-0.20669895349469292
88feed4e79da04e646ebc129::1,com,8e3ec428-9f5d-5a90-aef5-8ebdd2a5dba1,63,-0.19402896002101871,-0.2692032061952069,0.09199947148780094,0.2860284315088196
9c318ab198a0c0e5c19cd4b6::0,com,33526546-e0bc-505c-a28e-de09063472d6,63,0.2657536700163056,0.36043097144128033,0.3638503483044485,0.09809667828814289
a12d2706258e7cd94b157f13::0,com,b742bb23-5e32-5ae2-ba52-37e21e070765,63,0.2935490238142192,0.40371805498493646,0.40463318178070157,0.11108415796648236
a13c273dcddfa537845c91d0::0,com,ea7aed85-9d2d-5bf0-8380-4258a1c3f3bd,63,0.12483769152538504,0.15061450145273958,0.1549720283229159,0.03013433679753086
c486d3f623a7c682d0051190::2,com,ee612d2e-20b7-54ac-9843-ee66e701ff70,63,0.5909905647370711,0.5818016217343062,0.8254317956173078,0.23444123088023672
c486d3f623a7c682d0051190::3,com,6bcae3d4-28d1-5d18-9781-3a17c474b979,63,0.6423834704385518,0.6587211454924398,0.7684190349573338,0.12603556451878195
cbf01f06a75320ed354d25af::0,com,4c7e3625-b8ac-5a2,63,0.1130631680026738,0.15302673136740574,0.06215063429024592,-0.050912533712427877
d6d0cf531ac1d23c6fa0a6b6::0,com,4238a38e-3f01-58b1-b3f7-306b958412a2,63,0.101130570217835,0.1544722065349563,0.05332975457733835,-0.04780081564049665
da7b960f34b7f3185ea6d045::0,com,4f72bb2a-f38e-57d6-be83-d239f2bce853,63,-0.007466290709773893,0.01728840947083221,0.011560866993842844,0.019027157703616737
e0699671e9dc302a776e8354::0,com,4c3b71a2-df82-5cab-b307-ddad82c3cee1,63,-0.11628393031651363,-0.08082598338988167,-0.10965140294136067,0.006632527375152963
e0699671e9dc302a776e8354::1,com,4c3b71a2-df82-5cab-b307-ddad82c3cee1,63,-0.06442844847297813,-0.039752709332401825,-0.019134430996267437,0.04529401747671069
eae749337c708ec5697cf97e::0,com,66a81635-e1c7-554d-b7f9-20431dd2a4fc,63,0.16595514383165177,0.24561516584403886,0.1009759358307557,-0.06497920800089607
ed91e258dd31d6431b37bd91::0,com,11b22028-0823-5528-b682-07d296de35,63,0.3188710202676134,0.5079969107395161,0.5128023524025163,0.19393133213490288
edaebbb4a2886364c2f5455c::1,com,4c3b71a2-df82-5cab-b307-ddad82c3cee1,63,0.182439750446028,0.29436123976960615,0.19754681360446658,0.015107063158438572
f209b8c081219def0ef4ace5::2,com,f6f035a1-5bb1-59bc-bf92-2a4205bbf9fd,63,-0.45044539958982943,-0.39214342612781744,-0.4384657992684389,0.011979600321390504
f3d6d302751188c87c7c1304::0,com,7ef241e3-a71f-5fd9-b05e-32a62940f2b6,63,0.19095053995370714,0.2326736777843449,0.2834762845019052,0.09252574454819806
fcb5ab40c54f3bce352480bc::0,com,79228970-868a-50da-a278-984355d36d20,63,0.13617952011277723,0.22431075846150228,0.08729170434818712,-0.048887815764590115
fcb5ab40c54f3bce352480bc::1,com,10a15b4a-8adf-5087-9e41-cc2c3d856026,63,0.08219254859316982,0.12812446726531335,-0.011057890763141676,-0.0932504393563115
fcb5ab40c54f3bce352480bc::2,com,6c57674e-3d10-5171-a3ff-f0f34819b388,63,0.10755905957032841,0.116221690072971,0.005192380508194705,-0.1023666790621337
fcb5ab40c54f3bce352480bc::3,com,d93fc2d6-b0d3-52b4-b9de-bd074c27365b,63,0.08216597063295283,0.12986420122329656,0.022169698208717503,-0.05999627242423533
fcb5ab40c54f3bce352480bc::4,com,ba8b2716-9577-508e-b598-7e030ac99009,63,0.11405856008881066,0.15340603844119982,0.036391968309604006,-0.07766659177920665
fdd1695a1c8a50679d56e863::1,clean,,63,0.09724911077580067,0.08677790904758631,-0.02052641943975274,-0.11777553021555341
617b9e75f3c58dee20062f3c::0,clean,,63,-0.6760377617133788,-0.49552512356527384,-0.46717262491817446,0.20886513679520435
461ed0b2f30a1fe2a7aca6e3::0,clean,,63,-0.6018537275292837,-0.4733359536599647,-0.41209350173865567,0.189760225790628
bccd2741d2ab3570194f6bc7::1,clean,,63,0.07079778775182699,0.02493951929985183,0.057504266317489214,-0.013293521434337777
e1dd13daac1ecaf666f55bc2::0,clean,,63,-0.7232718877998711,-0.5517121319121079,-0.5979533550551133,0.1253185327447578
122180d2410c37fb1d467316::0,clean,,63,-0.9410354853055253,-0.6277844345059265,-0.6720561706748934,0.26897931463063185
5bdb71007a2f5b2c33e4bd71::0,clean,,63,-0.592046137440468,-0.53010436010615,-0.8294231825348707,-0.23737704509440272
c6e32087897377afc707821c::0,clean,,63,-0.4863329141751671,-0.3111973237677649,-0.4118578860908704,0.07447502808429673
ab28063625f4ba14b3379479::0,clean,,63,-0.3012482235682083,-0.13020250358509372,-0.4421328104182361,-0.1408845868500278
f5f185ff5f7901dc7c4dd711::0,clean,,63,-0.43694675719887827,-0.531131701459377,-0.570415018677362,-0.13346826147848373
dab078420665e61aa6883a1d::4,clean,,63,0.040938837660632776,0.054725226271727934,0.01881571841966234,-0.022123119240970435
3842f39935a34d58b55be97d::2,clean,,63,0.02812132295221692,0.0634319473201288,-0.0011176476131081747,-0.029238970565325095
e449057b794c66a951ffc20d::1,clean,,63,0.024008347769739036,0.05543375868233924,-0.011253331663457822,-0.03526167943319686
2a882b413da76b5d3b4d828a::0,clean,,63,-0.5359445737763584,-0.4550898309193647,-0.6859747248641663,-0.15003015108780793
42d490e9dcc8cd200649d0ff::1,clean,,63,0.11407847182561781,0.2150106507246493,0.21328684425053793,0.09920837242492012
1495b796ffe9d906c0df1b75::0,clean,,63,-0.6449707622918331,-0.6367893199347476,-0.35106105766418017,0.293909704627653
ea8b16320ebc9e5ee3d92c14::0,clean,,63,0.11407847182561781,0.2150106507246493,0.21328684425053793,0.09920837242492012
5edb9312f6f7f742fcdce8fc::0,clean,,63,-0.8432490540353608,-0.6779997011191631,-0.5084116303951274,0.3348374236402334
6e19826cc8478fa8a97d1dee::0,clean,,63,-0.30429721703761775,0.024133923182003802,-0.5718852713467527,-0.26758805430913496
e2b25103644606a2debc3586::1,clean,,63,0.024032684191084286,0.06420019452105397,-0.05897353148484233,-0.08300621567592661
7535579b90cfcb61fed1c380::0,clean,,63,-0.4147580083085394,-0.13071261608973736,-0.5577468849973692,-0.1429888766888298
6236365bb1b1dab256878dbe::0,clean,,63,-0.6390215639524665,-0.650134750720716,-0.5733564804984344,0.0656650834540321
ec4e31f512d6319b08a78d92::1,clean,,63,0.03288803254899386,0.03216268267075251,0.16048597910147488,0.12759794655248102
2b27156e1bc6e928eb6b916e::3,clean,,63,0.02365889923377973,0.06603220310202429,0.12562903171452372,0.10197013248074399
be83182a8a89eceb013c4764::2,clean,,63,0.07714437029799659,0.16007306227314522,0.0947915816964966,0.017647211398500007
edaebbb4a2886364c2f5455c::0,clean,,63,-0.20593618516930412,-0.024907834487958525,-0.5551755670685974,-0.34923938189929327
605dc49bacfb0b462cf31880::1,clean,,63,0.13183659934580627,0.1669026323033886,0.2134195056994801,0.08158290635367382
65b2855ba05f13d02f85adcd::1,clean,,63,0.03529933463786428,0.05788341353320514,-0.1429245521586805,-0.17822388679654477
90029829a3c76198a7de717b::0,clean,,63,-0.5618652495666765,-0.5929537916826941,-0.5864778408438862,-0.024612591277209717
40c2eb3691b1c2483780d090::0,clean,,63,-0.8081344472418223,-0.5584157490165707,-0.6493787284472545,0.15875571879456774
0c93a24758fe815a4f4bf747::0,clean,,63,-0.4101266799253747,-0.28623526192487897,-0.45446300260820477,-0.044336322682830054
72f7cf565eac6853d4a5f4bc::1,clean,,63,0.02913151824084237,0.06769989712137436,-0.06143497245698981,-0.09056649069783218
e219db6bec1a6b0c74699c00::0,clean,,63,-0.627993184820384,-0.5723375802308789,-0.7392543935392693,-0.11126120871888523
1f7e6a11b09b66d4eb7904e1::0,clean,,63,-0.6565975741515273,-0.4695160074449778,-0.4174963781684717,0.23910119598305563
bd164a06951b24d9fbb32e90::0,clean,,63,-0.2938072324632115,-0.09466121803010852,-0.30500833803565475,-0.011201105572443248
1e3b44203311b415f4712cc6::1,clean,,63,-0.08724176852239052,-0.14198340838362034,-0.47436741759049916,-0.38712564906810865
ec946af2d91d7d53d35312e6::1,clean,,63,-0.021724695167731123,-0.04103243584176741,-0.1499854926877572,-0.1282607975200261
fa4dfaaf2645d182bd7337d2::1,clean,,63,0.09475443533156214,0.05065733426544894,0.13587115659566484,0.04111672126410271
ffbd9d197177ca7b317f66cb::0,clean,,63,-0.7465322370827105,-0.7659743413943183,-0.5847763465011361,0.16175589058157447
4d64d12fe14c8c3ed4e3f73f::0,clean,,63,-0.7275712391349314,-0.554588895009026,-0.5015923847478273,0.22597885438710408
a3fbabc4125bd38ac2aed4db::1,clean,,63,0.13490120782260417,0.1433589077501703,0.12288204002664885,-0.012019167795955327
6277e9a8851e3c1a4ad9cd6e::0,clean,,63,-0.3836181244257793,-0.2121631210379646,-0.34496225656736706,0.03865586785841224
1108d7271243b64d3250ee9e::2,clean,,63,0.04271796285386731,0.06523583964955182,0.12844401920651047,0.08572605635264316
f6ad015f8e12733510bfd83d::0,clean,,63,-0.994942906323211,-0.794066844522799,-0.8017303292914387,0.1932125770317723
d4efc7e55f28c5602d3467ae::2,clean,,63,0.0247578861506893,0.06284030982079347,0.18016681658994954,0.15540893043926024
3dcaebddfb2987ddb1dc6ae7::1,clean,,63,0.19647525911467897,0.23883932641261266,0.46204463133518936,0.26556937222051036
741e6bfd3ada80120eff4191::0,clean,,63,-0.4645387618249073,-0.2642624147432474,-0.5151648093417285,-0.050626047516821204
88ef45f61812b1ec67818a35::1,clean,,63,0.13699883911829142,0.10339124691887391,0.03599093289873337,-0.10100790621955805
168c04ce1956c158d1651a93::2,clean,,63,0.02313968699989033,0.05505570270662896,0.03424727879789258,0.011107591798002248
a39e1668093aab21fc2f126e::0,clean,,63,-0.7283749390881099,-0.760441248661865,-0.6246313875975551,0.10374355149055481
